{
  "hash": "700e257c",
  "configHash": "3f6c1384",
  "lockfileHash": "1f1b9a99",
  "browserHash": "a1785bac",
  "optimized": {
    "@angular/common": {
      "src": "../../../../../../node_modules/@angular/common/fesm2022/common.mjs",
      "file": "@angular_common.js",
      "fileHash": "7ce44c65",
      "needsInterop": false
    },
    "@angular/common/http": {
      "src": "../../../../../../node_modules/@angular/common/fesm2022/http.mjs",
      "file": "@angular_common_http.js",
      "fileHash": "d8dc6e91",
      "needsInterop": false
    },
    "@angular/core": {
      "src": "../../../../../../node_modules/@angular/core/fesm2022/core.mjs",
      "file": "@angular_core.js",
      "fileHash": "a598df7f",
      "needsInterop": false
    },
    "@angular/forms": {
      "src": "../../../../../../node_modules/@angular/forms/fesm2022/forms.mjs",
      "file": "@angular_forms.js",
      "fileHash": "fd25848c",
      "needsInterop": false
    },
    "@angular/platform-browser": {
      "src": "../../../../../../node_modules/@angular/platform-browser/fesm2022/platform-browser.mjs",
      "file": "@angular_platform-browser.js",
      "fileHash": "ee1f4189",
      "needsInterop": false
    },
    "@angular/platform-browser/animations": {
      "src": "../../../../../../node_modules/@angular/platform-browser/fesm2022/animations.mjs",
      "file": "@angular_platform-browser_animations.js",
      "fileHash": "4ac5658c",
      "needsInterop": false
    },
    "@angular/router": {
      "src": "../../../../../../node_modules/@angular/router/fesm2022/router.mjs",
      "file": "@angular_router.js",
      "fileHash": "d0658179",
      "needsInterop": false
    },
    "rxjs": {
      "src": "../../../../../../node_modules/rxjs/dist/esm5/index.js",
      "file": "rxjs.js",
      "fileHash": "368fed5d",
      "needsInterop": false
    }
  },
  "chunks": {
    "chunk-LMQZCPWD": {
      "file": "chunk-LMQZCPWD.js"
    },
    "chunk-7ERYJJWP": {
      "file": "chunk-7ERYJJWP.js"
    },
    "chunk-7OVF3MJL": {
      "file": "chunk-7OVF3MJL.js"
    },
    "chunk-5YY4JGXL": {
      "file": "chunk-5YY4JGXL.js"
    },
    "chunk-B7RQN5EG": {
      "file": "chunk-B7RQN5EG.js"
    },
    "chunk-LBQ7ANGX": {
      "file": "chunk-LBQ7ANGX.js"
    },
    "chunk-S35MAB2V": {
      "file": "chunk-S35MAB2V.js"
    }
  }
}